name,id,display_name
/m/01g317,1,Person
/m/09j2d,2,Clothing
/m/04yx4,3,Man
/m/0dzct,4,Face
/m/07j7r,5,Tree
/m/05s2s,6,Plant
/m/03bt1vf,7,Woman
/m/07yv9,8,Vehicle
/m/0cgh4,9,Building
/m/01prls,10,Land vehicle
/m/09j5n,11,Footwear
/m/05r655,12,Girl
/m/0jbk,13,Animal
/m/0k4j,14,Car
/m/02wbm,15,Food
/m/083wq,16,Wheel
/m/0c9ph5,17,Flower
/m/0c_jw,18,Furniture
/m/0d4v4,19,Window
/m/03jm5,20,House
/m/01bl7v,21,Boy
/m/0463sg,22,Fashion accessory
/m/04bcr3,23,Table
/m/0jyfg,24,Glasses
/m/01xyhv,25,Suit
/m/08dz3q,26,Auto part
/m/015p6,27,Bird
/m/05y5lj,28,Sports equipment
/m/01d40f,29,Dress
/m/0bt9lr,30,Dog
/m/01lrl,31,Carnivore
/m/02p0tk3,32,Human body
/m/0fly7,33,Jeans
/m/04szw,34,Musical instrument
/m/0271t,35,Drink
/m/019jd,36,Boat
/m/03q69,37,Hair
/m/0h9mv,38,Tire
/m/04hgtk,39,Head
/m/01yrx,40,Cat
/m/01rzcn,41,Watercraft
/m/01mzpv,42,Chair
/m/0199g,43,Bike
/m/01fdzj,44,Tower
/m/04rky,45,Mammal
/m/079cl,46,Skyscraper
/m/0dzf4,47,Arm
/m/0138tl,48,Toy
/m/06msq,49,Sculpture
/m/03xxp,50,Invertebrate
/m/0hg7b,51,Microphone
/m/01n5jq,52,Poster
/m/03vt0,53,Insect
/m/0342h,54,Guitar
/m/0k0pj,55,Nose
/m/02dl1y,56,Hat
/m/04brg2,57,Tableware
/m/02dgv,58,Door
/m/01bqk0,59,Bicycle wheel
/m/017ftj,60,Sunglasses
/m/052lwg6,61,Baked goods
/m/014sv8,62,Eye
/m/0270h,63,Dessert
/m/0283dt1,64,Mouth
/m/0k5j,65,Aircraft
/m/0cmf2,66,Airplane
/m/07jdr,67,Train
/m/032b3c,68,Jacket
/m/033rq4,69,Street light
/m/0k65p,70,Hand
/m/01ww8y,71,Snack
/m/0zvk5,72,Helmet
/m/07mhn,73,Trousers
/m/04dr76w,74,Bottle
/m/03fp41,75,Houseplant
/m/03k3r,76,Horse
/m/01y9k5,77,Desk
/m/0cdl1,78,Palm tree
/m/0f4s2w,79,Vegetable
/m/02xwb,80,Fruit
/m/035r7c,81,Leg
/m/0bt_c3,82,Book
/m/01_bhs,83,Fast food
/m/01599,84,Beer
/m/03120,85,Flag
/m/026t6,86,Drum
/m/01bjv,87,Bus
/m/07r04,88,Truck
/m/018xm,89,Ball
/m/01rkbr,90,Tie
/m/0fm3zh,91,Flowerpot
/m/02_n6y,92,Goggles
/m/04_sv,93,Motorcycle
/m/06z37_,94,Picture frame
/m/01bfm9,95,Shorts
/m/0h8mhzd,96,Sports uniform
/m/0d_2m,97,Moths and butterflies
/m/0gjbg72,98,Shelf
/m/01n4qj,99,Shirt
/m/0ch_cf,100,Fish
/m/06m11,101,Rose
/m/01jfm_,102,Licence plate
/m/02crq1,103,Couch
/m/083kb,104,Weapon
/m/01c648,105,Laptop
/m/09tvcd,106,Wine glass
/m/0h2r6,107,Van
/m/081qc,108,Wine
/m/09ddx,109,Duck
/m/03p3bw,110,Bicycle helmet
/m/0cyf8,111,Butterfly
/m/0b_rs,112,Swimming pool
/m/039xj_,113,Ear
/m/021sj1,114,Office
/m/0dv5r,115,Camera
/m/01lynh,116,Stairs
/m/06bt6,117,Reptile
/m/01226z,118,Football
/m/0fszt,119,Cake
/m/050k8,120,Mobile phone
/m/02wbtzl,121,Sun hat
/m/02p5f1q,122,Coffee cup
/m/025nd,123,Christmas tree
/m/02522,124,Computer monitor
/m/09ct_,125,Helicopter
/m/0cvnqh,126,Bench
/m/0d5gx,127,Castle
/m/01xygc,128,Coat
/m/04m6gz,129,Porch
/m/01gkx_,130,Swimwear
/m/01s105,131,Cabinetry
/m/01j61q,132,Tent
/m/0hnnb,133,Umbrella
/m/01j51,134,Balloon
/m/01knjb,135,Billboard
/m/03__z0,136,Bookcase
/m/01m2v,137,Computer keyboard
/m/0167gd,138,Doll
/m/0284d,139,Dairy
/m/03ssj5,140,Bed
/m/02fq_6,141,Fedora
/m/06nwz,142,Seafood
/m/0220r2,143,Fountain
/m/01mqdt,144,Traffic sign
/m/0268lbt,145,Hiking equipment
/m/07c52,146,Television
/m/0grw1,147,Salad
/m/01h3n,148,Bee
/m/078n6m,149,Coffee table
/m/01xq0k1,150,Cattle
/m/0gd2v,151,Marine mammal
/m/0dbvp,152,Goose
/m/03rszm,153,Curtain
/m/0h8n5zk,154,Kitchen & dining room table
/m/019dx1,155,Home appliance
/m/03hl4l9,156,Marine invertebrates
/m/0b3fp9,157,Countertop
/m/02rdsp,158,Office supplies
/m/0hf58v5,159,Luggage and bags
/m/04h7h,160,Lighthouse
/m/024g6,161,Cocktail
/m/0cffdh,162,Maple
/m/03q5c7,163,Saucer
/m/014y4n,164,Paddle
/m/01yx86,165,Bronze sculpture
/m/020jm,166,Beetle
/m/025dyy,167,Box
/m/01llwg,168,Necklace
/m/08pbxl,169,Monkey
/m/02d9qx,170,Whiteboard
/m/02pkr5,171,Plumbing fixture
/m/0h99cwc,172,Kitchen appliance
/m/050gv4,173,Plate
/m/02vqfm,174,Coffee
/m/09kx5,175,Deer
/m/019w40,176,Surfboard
/m/09dzg,177,Turtle
/m/07k1x,178,Tool
/m/080hkjn,179,Handbag
/m/07qxg_,180,Football helmet
/m/0ph39,181,Canoe
/m/018p4k,182,Cart
/m/02h19r,183,Scarf
/m/015h_t,184,Beard
/m/0fqfqc,185,Drawer
/m/025rp__,186,Cowboy hat
/m/01x3z,187,Clock
/m/0crjs,188,Convenience store
/m/0l515,189,Sandwich
/m/015qff,190,Traffic light
/m/09kmb,191,Spider
/m/09728,192,Bread
/m/071qp,193,Squirrel
/m/02s195,194,Vase
/m/06c54,195,Rifle
/m/01xqw,196,Cello
/m/05zsy,197,Pumpkin
/m/0bwd_0j,198,Elephant
/m/04m9y,199,Lizard
/m/052sf,200,Mushroom
/m/03grzl,201,Baseball glove
/m/01z1kdw,202,Juice
/m/02wv6h6,203,Skirt
/m/016m2d,204,Skull
/m/0dtln,205,Lamp
/m/057cc,206,Musical keyboard
/m/06k2mb,207,High heels
/m/0f6wt,208,Falcon
/m/0cxn2,209,Ice cream
/m/02jvh9,210,Mug
/m/0gjkl,211,Watch
/m/01b638,212,Boot
/m/071p9,213,Ski
/m/0pg52,214,Taxi
/m/0ftb8,215,Sunflower
/m/0hnyx,216,Pastry
/m/02jz0l,217,Tap
/m/04kkgm,218,Bowl
/m/0174n1,219,Glove
/m/0gv1x,220,Parrot
/m/09csl,221,Eagle
/m/02jnhm,222,Tin can
/m/099ssp,223,Platter
/m/03nfch,224,Sandal
/m/07y_7,225,Violin
/m/05z6w,226,Penguin
/m/03m3pdh,227,Sofa bed
/m/09ld4,228,Frog
/m/09b5t,229,Chicken
/m/054xkw,230,Lifejacket
/m/0130jx,231,Sink
/m/07fbm7,232,Strawberry
/m/01dws,233,Bear
/m/01tcjp,234,Muffin
/m/0dftk,235,Swan
/m/0c06p,236,Candle
/m/034c16,237,Pillow
/m/09d5_,238,Owl
/m/03hlz0c,239,Kitchen utensil
/m/0ft9s,240,Dragonfly
/m/011k07,241,Tortoise
/m/054_l,242,Mirror
/m/0jqgx,243,Lily
/m/0663v,244,Pizza
/m/0242l,245,Coin
/m/014trl,246,Cosmetics
/m/05r5c,247,Piano
/m/07j87,248,Tomato
/m/05kyg_,249,Chest of drawers
/m/0kmg4,250,Teddy bear
/m/07cmd,251,Tank
/m/0dv77,252,Squash
/m/096mb,253,Lion
/m/01gmv2,254,Brassiere
/m/07bgp,255,Sheep
/m/0cmx8,256,Spoon
/m/029tx,257,Dinosaur
/m/073bxn,258,Tripod
/m/0bh9flk,259,Tablet computer
/m/06mf6,260,Rabbit
/m/06_fw,261,Skateboard
/m/078jl,262,Snake
/m/0fbdv,263,Shellfish
/m/0h23m,264,Sparrow
/m/014j1m,265,Apple
/m/03fwl,266,Goat
/m/02y6n,267,French fries
/m/06c7f7,268,Lipstick
/m/026qbn5,269,studio couch
/m/0cdn1,270,Hamburger
/m/07clx,271,Tea
/m/07cx4,272,Telephone
/m/03g8mr,273,Baseball bat
/m/0cnyhnx,274,Bull
/m/01b7fy,275,Headphones
/m/04gth,276,Lavender
/m/0cyfs,277,Parachute
/m/021mn,278,Cookie
/m/07dm6,279,Tiger
/m/0k1tl,280,Pen
/m/0dv9c,281,Racket
/m/0dt3t,282,Fork
/m/04yqq2,283,Bust
/m/01cmb2,284,Miniskirt
/m/0gd36,285,Sea lion
/m/033cnk,286,Egg
/m/06ncr,287,Saxophone
/m/03bk1,288,Giraffe
/m/0bjyj5,289,Waste container
/m/06__v,290,Snowboard
/m/0qmmr,291,Wheelchair
/m/01xgg_,292,Medical equipment
/m/0czz2,293,Antelope
/m/02l8p9,294,Harbor seal
/m/09g1w,295,Toilet
/m/0ll1f78,296,Shrimp
/m/0cyhj_,297,Orange
/m/0642b4,298,Cupboard
/m/0h8mzrc,299,Wall clock
/m/068zj,300,Pig
/m/02z51p,301,Nightstand
/m/0h8nr_l,302,Bathroom accessory
/m/0388q,303,Grape
/m/02hj4,304,Dolphin
/m/01jfsr,305,Lantern
/m/07gql,306,Trumpet
/m/0h8my_4,307,Tennis racket
/m/0n28_,308,Crab
/m/0120dh,309,Sea turtle
/m/020kz,310,Cannon
/m/0mkg,311,Accordion
/m/03c7gz,312,Door handle
/m/09k_b,313,Lemon
/m/031n1,314,Foot
/m/04rmv,315,Mouse
/m/084rd,316,Wok
/m/02rgn06,317,Volleyball
/m/05z55,318,Pasta
/m/01r546,319,Earrings
/m/09qck,320,Banana
/m/012w5l,321,Ladder
/m/01940j,322,Backpack
/m/09f_2,323,Crocodile
/m/02p3w7d,324,Roller skates
/m/057p5t,325,Scoreboard
/m/0d8zb,326,Jellyfish
/m/01nq26,327,Sock
/m/01x_v,328,Camel
/m/05gqfk,329,Plastic bag
/m/0cydv,330,Caterpillar
/m/07030,331,Sushi
/m/084zz,332,Whale
/m/0c29q,333,Leopard
/m/02zn6n,334,Barrel
/m/03tw93,335,Fireplace
/m/0fqt361,336,Stool
/m/0f9_l,337,Snail
/m/0gm28,338,Candy
/m/09rvcxw,339,Rocket
/m/01nkt,340,Cheese
/m/04p0qw,341,Billiard table
/m/03hj559,342,Mixing bowl
/m/07pj7bq,343,Bowling equipment
/m/04ctx,344,Knife
/m/0703r8,345,Loveseat
/m/03qrc,346,Hamster
/m/020lf,347,Mouse
/m/0by6g,348,Shark
/m/01fh4r,349,Teapot
/m/07c6l,350,Trombone
/m/03bj1,351,Panda
/m/0898b,352,Zebra
/m/02x984l,353,Mechanical fan
/m/0fj52s,354,Carrot
/m/0cd4d,355,Cheetah
/m/02068x,356,Gondola
/m/01vbnl,357,Bidet
/m/0449p,358,Jaguar
/m/0gj37,359,Ladybug
/m/0nl46,360,Crown
/m/0152hh,361,Snowman
/m/03dnzn,362,Bathtub
/m/05_5p_0,363,Table tennis racket
/m/02jfl0,364,Sombrero
/m/01dxs,365,Brown bear
/m/0cjq5,366,Lobster
/m/040b_t,367,Refrigerator
/m/0_cp5,368,Oyster
/m/0gxl3,369,Handgun
/m/029bxz,370,Oven
/m/02zt3,371,Kite
/m/03d443,372,Rhinoceros
/m/0306r,373,Fox
/m/0h8l4fh,374,Light bulb
/m/0633h,375,Polar bear
/m/01s55n,376,Suitcase
/m/0hkxq,377,Broccoli
/m/0cn6p,378,Otter
/m/0dbzx,379,Mule
/m/01dy8n,380,Woodpecker
/m/01h8tj,381,Starfish
/m/03s_tn,382,Kettle
/m/01xs3r,383,Jet ski
/m/031b6r,384,Window blind
/m/06j2d,385,Raven
/m/0hqkz,386,Grapefruit
/m/01_5g,387,Chopsticks
/m/02zvsm,388,Tart
/m/0kpqd,389,Watermelon
/m/015x4r,390,Cucumber
/m/061hd_,391,Infant bed
/m/04ylt,392,Missile
/m/02wv84t,393,Gas stove
/m/04y4h8h,394,Bathroom cabinet
/m/01gllr,395,Beehive
/m/0pcr,396,Alpaca
/m/0jy4k,397,Doughnut
/m/09f20,398,Hippopotamus
/m/0mcx2,399,Ipod
/m/04c0y,400,Kangaroo
/m/0_k2,401,Ant
/m/0jg57,402,Bell pepper
/m/03fj2,403,Goldfish
/m/03ldnb,404,Ceiling fan
/m/06nrc,405,Shotgun
/m/01btn,406,Barge
/m/05vtc,407,Potato
/m/08hvt4,408,Jug
/m/0fx9l,409,Microwave oven
/m/01h44,410,Bat
/m/05n4y,411,Ostrich
/m/0jly1,412,Turkey
/m/06y5r,413,Sword
/m/05ctyq,414,Tennis ball
/m/0fp6w,415,Pineapple
/m/0d4w1,416,Closet
/m/02pv19,417,Stop sign
/m/07crc,418,Taco
/m/01dwwc,419,Pancake
/m/01b9xk,420,Hot dog
/m/013y1f,421,Organ
/m/0m53l,422,Rays and skates
/m/0174k2,423,Washing machine
/m/01dwsz,424,Waffle
/m/04vv5k,425,Snowplow
/m/04cp_,426,Koala
/m/0fz0h,427,Honeycomb
/m/0llzx,428,Sewing machine
/m/0319l,429,Horn
/m/04v6l4,430,Frying pan
/m/0dkzw,431,Seat belt
/m/027pcv,432,Zucchini
/m/0323sq,433,Golf cart
/m/054fyh,434,Pitcher
/m/01pns0,435,Fire hydrant
/m/012n7d,436,Ambulance
/m/044r5d,437,Golf ball
/m/01krhy,438,Tiara
/m/0dq75,439,Raccoon
/m/0176mf,440,Belt
/m/0h8lkj8,441,Corded phone
/m/04tn4x,442,Swim cap
/m/06l9r,443,Red panda
/m/0cjs7,444,Asparagus
/m/01lsmm,445,Scissors
/m/01lcw4,446,Limousine
/m/047j0r,447,Filing cabinet
/m/01fb_0,448,Bagel
/m/04169hn,449,Wood-burning stove
/m/076bq,450,Segway
/m/0hdln,451,Ruler
/m/01g3x7,452,Bow and arrow
/m/0l3ms,453,Balance beam
/m/058qzx,454,Kitchen knife
/m/0h8n6ft,455,Cake stand
/m/018j2,456,Banjo
/m/0l14j_,457,Flute
/m/0wdt60w,458,Rugby ball
/m/02gzp,459,Dagger
/m/0h8n6f9,460,Dog bed
/m/0fbw6,461,Cabbage
/m/07kng9,462,Picnic basket
/m/0dj6p,463,Peach
/m/06pcq,464,Submarine sandwich
/m/061_f,465,Pear
/m/04g2r,466,Lynx
/m/0jwn_,467,Pomegranate
/m/02f9f_,468,Shower
/m/01f8m5,469,Blue jay
/m/01m4t,470,Printer
/m/0cl4p,471,Hedgehog
/m/07xyvk,472,Coffeemaker
/m/084hf,473,Worm
/m/03v5tg,474,Drinking straw
/m/0qjjc,475,Remote control
/m/015x5n,476,Radish
/m/0ccs93,477,Canary
/m/0nybt,478,Seahorse
/m/02vkqh8,479,Wardrobe
/m/09gtd,480,Toilet paper
/m/019h78,481,Centipede
/m/015wgc,482,Croissant
/m/01x3jk,483,Snowmobile
/m/01j3zr,484,Burrito
/m/0c568,485,Porcupine
/m/02pdsw,486,Cutting board
/m/029b3,487,Dice
/m/03q5t,488,Harpsichord
/m/0p833,489,Perfume
/m/01d380,490,Drill
/m/024d2,491,Calculator
/m/0mw_6,492,Willow
/m/01f91_,493,Pretzel
/m/02g30s,494,Guacamole
/m/01hrv5,495,Popcorn
/m/03m5k,496,Harp
/m/0162_1,497,Towel
/m/063rgb,498,Mixer
/m/06_72j,499,Digital clock
/m/046dlr,500,Alarm clock
/m/047v4b,501,Artichoke
/m/04zpv,502,Milk
/m/043nyj,503,Common fig
/m/03bbps,504,Power plugs and sockets
/m/02w3r3,505,Paper towel
/m/02pjr4,506,Blender
/m/0755b,507,Scorpion
/m/02lbcq,508,Stretcher
/m/0fldg,509,Mango
/m/012074,510,Magpie
/m/035vxb,511,Isopod
/m/02w3_ws,512,Personal care
/m/0f6nr,513,Unicycle
/m/0420v5,514,Punching bag
/m/0frqm,515,Envelope
/m/03txqz,516,Scale
/m/0271qf7,517,Wine rack
/m/074d1,518,Submarine
/m/08p92x,519,Cream
/m/01j4z9,520,Chainsaw
/m/0kpt_,521,Cantaloupe
/m/0h8n27j,522,Serving tray
/m/03y6mg,523,Food processor
/m/04h8sr,524,Dumbbell
/m/065h6l,525,Jacuzzi
/m/02tsc9,526,Slow cooker
/m/012ysf,527,Syringe
/m/0ky7b,528,Dishwasher
/m/02wg_p,529,Tree house
/m/0584n8,530,Briefcase
/m/03kt2w,531,Stationary bicycle
/m/05kms,532,Oboe
/m/030610,533,Treadmill
/m/0lt4_,534,Binoculars
/m/076lb9,535,Bench
/m/02ctlc,536,Cricket ball
/m/02x8cch,537,Salt and pepper shakers
/m/09gys,538,Squid
/m/03jbxj,539,Light switch
/m/012xff,540,Toothbrush
/m/0h8kx63,541,Spice rack
/m/073g6,542,Stethoscope
/m/02cvgx,543,Winter melon
/m/027rl48,544,Ladle
/m/01kb5b,545,Flashlight